temperature,rainfall,humidity,N,P,K,ph,crop,month
39,227,33,57,111,107,5.2,sugarcane,7
14,71,50,71,44,55,6.4,barley,4
10,150,56,34,14,39,6.1,tea,11
32,209,88,78,109,14,5.4,sugarcane,8
23,340,42,87,94,67,7.9,maize,5
20,188,93,63,35,30,7.9,wheat,7
34,216,70,58,77,15,6.3,sugarcane,10
13,109,41,42,34,45,6.4,millet,3
25,252,77,15,49,97,6.5,rice,7
10,328,51,36,71,22,6.1,coffee,11
29,30,92,55,21,110,7.9,maize,11
27,64,70,81,92,44,6.9,mustard,8
14,83,80,39,24,22,7.9,barley,5
38,59,79,28,55,71,7.3,maize,4
22,340,44,98,11,61,8.0,tomato,8
38,344,79,88,83,80,5.4,rice,8
16,341,45,99,52,50,7.0,maize,3
26,42,86,99,47,99,7.0,mustard,6
40,152,38,14,106,84,5.4,tea,5
35,110,92,51,59,106,7.4,maize,2
13,78,42,93,12,69,5.9,millet,8
18,206,65,93,61,22,6.6,coffee,12
11,348,55,19,99,100,6.3,coffee,6
22,224,42,103,72,12,5.5,tea,2
38,338,37,25,19,26,6.6,sugarcane,12
32,311,50,102,75,63,7.5,sugarcane,5
30,268,71,102,116,111,7.2,sugarcane,1
40,337,31,36,23,22,5.2,sugarcane,12
35,229,68,46,98,33,7.4,sugarcane,10
34,40,58,11,18,14,7.3,maize,6
27,249,91,76,94,62,5.5,rice,12
15,201,52,115,22,97,7.3,cotton,9
23,107,70,58,31,18,6.4,wheat,1
35,192,38,16,44,79,5.3,sugarcane,11
31,109,38,27,96,35,7.8,maize,11
10,53,47,60,65,110,5.2,millet,10
18,201,62,21,32,14,5.9,tea,12
36,310,63,77,52,61,5.3,sugarcane,12
30,98,80,11,117,38,7.3,maize,3
21,65,45,56,87,51,5.1,millet,12
23,86,80,54,80,98,7.0,barley,7
29,301,80,19,30,118,7.9,rice,4
26,306,31,79,57,56,5.6,sugarcane,9
26,96,34,44,67,108,7.9,millet,3
32,204,43,85,17,98,6.6,sugarcane,5
31,184,32,73,39,101,7.6,sugarcane,3
22,257,56,29,91,109,5.9,onion,7
31,341,93,62,99,68,5.3,rice,5
19,337,32,75,36,97,7.8,cotton,9
27,342,85,112,96,47,6.0,rice,7
27,147,46,22,80,93,5.1,wheat,2
34,65,64,110,11,51,6.3,maize,4
24,100,60,22,46,18,5.6,barley,9
22,75,61,110,40,85,7.0,barley,12
31,179,94,106,82,18,5.3,tomato,2
39,214,77,120,60,13,5.6,sugarcane,10
24,249,53,60,77,41,6.3,coffee,9
23,291,79,47,111,117,5.4,rice,10
38,246,69,15,93,114,5.1,sugarcane,5
14,199,37,108,50,92,6.6,coffee,2
35,158,37,91,113,10,7.8,groundnut,4
35,165,35,82,66,73,6.7,coffee,12
37,244,55,84,26,49,6.8,sugarcane,12
31,339,95,76,36,64,7.7,rice,7
14,310,77,108,87,36,5.4,rice,12
32,331,58,104,21,109,5.9,sugarcane,8
24,240,50,110,32,117,6.2,coffee,3
33,233,72,83,38,64,5.4,sugarcane,1
24,56,38,114,95,23,6.2,millet,4
36,305,92,57,48,60,7.0,rice,2
27,242,49,98,70,27,7.1,sugarcane,8
22,100,72,38,101,12,5.9,tea,4
35,211,67,73,45,48,7.9,sugarcane,2
26,240,38,20,97,118,5.2,sugarcane,6
27,198,82,67,84,33,5.1,wheat,6
26,327,30,83,10,94,7.9,sugarcane,10
20,138,88,41,110,68,6.6,wheat,4
32,278,81,103,70,65,7.2,rice,6
32,288,64,24,53,92,6.9,sugarcane,2
27,42,31,27,37,74,5.1,millet,10
27,149,61,75,23,40,6.1,wheat,12
39,291,60,56,86,115,5.5,sugarcane,2
40,93,77,118,59,39,7.0,maize,10
24,61,77,41,66,11,5.4,barley,4
11,144,37,119,113,44,5.5,soybean,8
34,247,56,74,27,81,5.8,sugarcane,7
39,106,73,103,36,54,5.4,maize,12
34,76,74,49,96,16,7.5,maize,9
20,56,87,104,74,43,6.2,tea,8
21,248,49,105,45,63,5.4,groundnut,5
25,78,87,86,62,95,6.1,tea,2
33,66,57,98,46,15,6.0,maize,5
29,329,34,15,97,120,7.7,sugarcane,8
16,189,38,24,120,50,5.4,wheat,10
35,131,83,49,119,66,5.4,maize,9
29,169,53,29,69,90,7.7,onion,12
32,67,43,83,82,120,7.9,maize,12
32,205,33,42,26,68,7.8,sugarcane,12
18,296,44,102,73,95,5.6,wheat,9
19,146,49,83,53,27,7.9,wheat,1
32,282,32,106,109,21,6.5,sugarcane,9
35,144,67,89,30,111,5.8,maize,7
35,233,42,76,57,50,7.3,sugarcane,9
40,343,72,87,71,119,5.1,sugarcane,8
20,49,60,49,102,70,7.4,barley,1
15,246,94,93,117,72,6.9,rice,12
37,149,40,46,96,62,6.9,maize,8
24,308,80,115,65,74,6.9,rice,8
31,293,64,79,48,14,7.0,sugarcane,11
22,159,93,64,61,39,7.8,wheat,3
28,141,95,116,82,41,5.6,tea,1
31,330,51,52,17,42,6.9,sugarcane,8
21,140,78,50,61,36,5.9,wheat,3
15,284,44,96,103,87,6.8,groundnut,3
30,210,93,36,29,25,6.6,sugarcane,1
14,151,65,20,64,111,5.1,potato,11
30,50,49,64,68,11,5.5,maize,5
28,80,31,106,47,68,7.5,millet,10
16,266,76,70,16,109,6.8,rice,7
28,167,32,120,108,73,5.7,rice,10
18,224,68,75,92,52,6.0,tea,9
16,276,42,58,85,75,5.2,tomato,12
18,31,53,53,77,52,6.9,barley,7
38,172,33,91,102,118,6.7,coffee,9
30,174,52,42,82,119,7.5,onion,8
23,40,76,71,75,57,6.8,barley,12
34,151,83,18,36,102,7.1,tomato,2
29,73,71,82,41,76,7.6,maize,1
37,300,38,89,100,28,5.5,sugarcane,7
21,35,84,26,115,70,7.7,barley,7
30,264,91,44,48,47,5.5,rice,8
22,318,37,92,39,43,7.9,potato,5
30,323,86,91,15,30,5.3,rice,3
40,29,73,67,94,96,7.6,maize,12
33,160,35,62,42,104,5.1,potato,8
35,182,45,38,73,55,5.4,sugarcane,6
20,275,93,88,76,119,5.6,rice,11
36,121,79,25,34,21,5.1,maize,3
19,306,64,79,116,101,5.9,tea,1
28,304,34,49,45,25,6.3,sugarcane,3
28,110,76,98,71,91,6.6,mustard,5
30,301,35,49,45,79,5.3,sugarcane,3
26,45,48,34,40,50,5.8,millet,1
18,266,39,96,17,87,7.4,pulses,5
33,74,76,92,65,23,7.2,maize,10
11,100,36,93,61,19,7.9,millet,7
17,98,71,74,82,84,6.8,barley,7
39,105,54,25,32,60,7.5,maize,11
40,70,51,30,67,24,6.0,maize,9
38,292,46,82,88,98,6.9,sugarcane,10
19,215,33,55,101,22,6.7,coffee,10
26,282,85,64,29,72,6.5,rice,12
36,202,93,96,75,66,6.7,sugarcane,3
15,217,88,72,59,116,6.3,tea,7
16,80,33,48,114,39,6.5,millet,1
39,89,48,35,57,65,6.4,maize,4
18,91,91,114,32,51,6.3,tea,4
28,24,68,108,15,47,7.2,mustard,5
35,187,48,119,66,101,7.4,sugarcane,7
16,111,62,75,38,48,5.3,wheat,7
34,328,86,31,18,61,7.8,rice,11
30,231,54,51,35,56,7.6,sugarcane,4
24,26,75,66,112,109,7.5,barley,7
29,181,44,50,69,116,6.4,sugarcane,11
19,332,95,28,119,52,6.1,rice,3
27,277,95,72,55,10,6.7,rice,6
15,109,43,17,111,12,8.0,millet,12
35,142,47,60,106,96,7.9,maize,2
19,130,82,82,20,70,5.2,wheat,10
18,227,56,115,66,22,7.1,onion,9
31,114,52,61,117,99,6.1,maize,5
10,240,62,44,28,90,8.0,potato,6
13,207,88,86,105,28,7.6,jute,12
22,278,47,82,100,20,5.6,tomato,12
21,331,58,54,69,14,5.5,onion,12
18,217,56,102,114,34,7.0,sugarcane,12
13,214,88,52,63,87,7.5,jute,4
21,145,45,64,117,18,6.6,wheat,11
23,28,79,119,89,41,5.1,barley,10
29,106,55,59,67,65,7.1,maize,7
38,93,41,67,43,50,6.1,maize,12
33,30,53,20,105,73,5.1,maize,9
24,344,31,54,111,40,5.5,barley,7
31,277,68,64,54,59,7.5,sugarcane,1
32,99,60,29,105,31,6.9,maize,1
19,305,55,25,118,38,7.1,tomato,9
40,249,58,36,52,84,6.1,sugarcane,11
40,213,70,15,39,61,7.1,sugarcane,9
34,35,52,68,26,29,7.7,maize,4
32,129,44,50,113,58,7.4,maize,9
23,134,90,22,39,74,5.0,wheat,3
23,326,83,60,76,103,7.1,rice,7
30,332,46,14,41,24,6.4,sugarcane,6
27,150,34,84,40,61,7.2,wheat,8
18,58,59,46,64,120,8.0,barley,11
39,139,67,45,66,57,5.7,maize,9
16,36,47,52,68,80,5.5,millet,5
29,76,62,62,12,48,7.2,maize,1
21,80,40,46,42,48,6.9,millet,3
26,282,88,14,64,83,7.6,rice,10
20,100,33,58,69,22,7.2,millet,12
37,349,51,71,110,85,5.5,sugarcane,8
30,208,51,107,93,99,5.5,sugarcane,11
21,328,81,27,10,110,5.6,rice,6
37,224,43,57,31,24,5.4,sugarcane,8
32,229,44,118,100,76,6.4,sugarcane,9
10,107,54,43,38,107,6.8,barley,4
22,223,44,13,31,44,6.6,coffee,1
35,264,58,27,40,100,6.8,sugarcane,1
38,142,47,68,93,102,5.5,maize,10
20,253,83,23,115,118,7.6,rice,4
33,301,32,12,50,79,7.2,sugarcane,12
19,290,35,33,84,74,5.2,groundnut,7
24,128,92,55,119,34,6.0,wheat,2
21,80,35,115,99,33,5.9,millet,3
19,74,48,16,120,102,6.0,millet,1
35,154,88,67,80,78,5.5,tomato,5
26,313,60,93,35,112,6.8,sugarcane,1
13,157,80,39,58,102,5.5,potato,8
40,252,54,48,74,79,5.4,sugarcane,1
14,27,74,111,106,24,5.5,barley,11
23,289,60,113,40,11,6.5,coffee,1
10,290,44,12,64,13,5.9,tomato,2
26,307,56,84,62,68,7.7,sugarcane,2
19,347,55,82,21,53,5.2,rice,12
36,183,82,59,95,79,5.1,sugarcane,6
19,285,54,15,70,25,6.3,coffee,7
33,208,60,31,113,87,5.9,sugarcane,5
31,113,72,25,111,87,5.8,maize,1
22,214,89,87,34,32,7.7,jute,1
25,74,83,72,90,36,7.3,mustard,3
16,114,43,18,31,64,5.3,wheat,2
39,329,44,34,54,62,5.0,sugarcane,5
12,340,91,117,79,17,6.4,rice,12
11,22,66,31,101,79,7.5,barley,10
23,134,93,103,20,11,7.6,wheat,6
20,47,90,108,98,74,5.9,tea,7
25,115,30,25,17,99,7.0,wheat,4
16,207,89,14,59,78,6.0,tea,7
15,297,95,45,64,47,5.7,rice,11
21,55,77,103,50,88,5.3,barley,8
11,348,67,96,30,20,5.5,jute,11
19,285,78,32,55,111,7.9,rice,1
28,147,85,13,80,68,5.6,tea,6
12,244,47,92,45,105,7.3,tomato,8
22,202,43,82,33,70,5.9,groundnut,5
11,176,54,112,70,24,7.7,rice,4
27,261,79,28,61,40,7.6,rice,2
31,163,51,88,99,42,6.2,coffee,6
10,96,62,14,23,53,7.3,barley,6
33,193,35,90,80,108,7.7,sugarcane,11
22,179,55,23,63,32,7.2,wheat,1
25,157,51,23,45,60,6.1,wheat,9
40,269,30,105,58,15,5.9,sugarcane,12
24,285,30,38,15,71,7.3,tea,11
26,279,76,57,64,104,5.9,rice,6
37,280,46,34,117,112,6.0,sugarcane,3
40,62,51,43,95,80,6.0,maize,4
13,256,56,48,102,77,6.9,groundnut,12
20,134,89,32,81,106,5.4,wheat,11
19,231,75,68,112,64,6.8,jute,4
37,211,83,23,49,47,5.8,sugarcane,3
23,214,46,49,24,21,6.4,coffee,10
39,125,51,61,83,97,6.0,maize,3
35,160,53,81,66,43,6.5,coffee,3
32,51,86,95,105,14,7.8,maize,4
31,194,63,75,19,79,7.1,sugarcane,7
39,72,91,68,91,93,6.5,maize,4
26,311,61,30,89,115,6.7,sugarcane,9
24,222,36,22,11,52,5.2,tea,1
10,270,76,107,49,92,6.2,rice,8
30,145,51,54,26,66,7.1,maize,7
38,304,50,34,74,99,7.7,sugarcane,2
25,220,61,40,14,18,7.1,onion,8
20,174,79,12,72,16,6.8,wheat,1
19,214,50,16,36,49,6.3,coffee,11
19,155,88,120,113,49,6.9,wheat,12
31,236,60,43,30,64,7.1,sugarcane,9
33,61,95,54,67,32,6.2,maize,9
33,186,90,16,108,120,6.3,sugarcane,2
17,200,72,37,74,65,7.2,wheat,7
34,49,33,63,80,67,5.7,maize,10
35,327,59,35,95,112,5.9,sugarcane,3
33,315,38,120,100,82,6.4,sugarcane,7
28,60,65,104,89,32,6.6,mustard,12
21,248,90,44,46,74,6.0,rice,10
31,243,36,110,64,52,7.1,sugarcane,9
10,319,39,37,89,80,7.7,onion,4
11,27,50,48,105,37,6.4,barley,12
27,266,47,15,94,80,5.1,sugarcane,1
26,20,93,45,27,113,7.9,mustard,2
20,90,35,118,24,71,6.4,millet,1
12,202,85,34,107,110,7.4,jute,12
30,321,64,116,59,114,7.2,sugarcane,5
13,199,79,83,99,10,6.0,tea,5
29,224,55,45,18,70,7.3,sugarcane,11
37,57,61,77,34,110,6.1,maize,7
40,207,68,44,73,100,6.1,sugarcane,9
32,232,49,62,11,68,7.0,sugarcane,9
29,236,80,93,65,109,7.2,rice,3
39,223,36,50,51,98,5.8,sugarcane,3
38,244,70,40,54,115,5.1,sugarcane,3
13,229,64,100,89,120,7.3,potato,4
13,191,87,53,114,47,6.0,tea,8
11,242,93,49,71,103,5.3,rice,6
10,212,73,70,49,47,7.8,jute,8
38,303,65,119,28,10,6.4,sugarcane,1
11,134,64,90,43,49,6.7,potato,8
20,271,36,54,14,29,6.0,wheat,4
27,54,36,68,31,77,7.1,millet,11
36,70,93,68,10,77,6.3,maize,1
31,273,47,94,68,61,7.4,sugarcane,8
28,72,67,52,77,67,6.8,mustard,4
14,204,78,84,107,26,5.2,jute,6
26,81,91,101,31,50,5.3,mustard,8
15,343,67,89,27,83,5.8,tea,4
20,227,33,35,61,43,6.1,coffee,3
21,156,39,31,10,82,6.0,wheat,9
37,289,33,33,120,55,8.0,sugarcane,3
38,350,56,73,63,34,6.1,sugarcane,9
22,331,92,96,46,110,5.5,rice,2
21,136,56,108,59,99,5.7,wheat,2
12,290,74,81,116,86,6.8,jute,2
11,247,61,101,43,119,7.1,potato,6
20,185,84,60,95,67,5.4,wheat,3
27,188,41,25,107,78,5.3,wheat,9
18,161,53,115,119,19,5.7,wheat,4
34,279,36,23,25,86,7.8,sugarcane,1
26,198,70,12,52,11,6.8,wheat,4
28,50,77,83,15,20,6.7,mustard,1
20,244,69,108,11,68,6.6,coffee,5
24,222,52,120,113,83,6.3,coffee,4
34,131,83,58,17,118,5.4,maize,8
33,27,44,67,109,24,5.9,maize,8
20,59,38,86,11,27,6.0,millet,7
15,216,30,58,50,80,7.8,groundnut,3
34,269,91,98,71,110,6.5,rice,1
24,36,59,91,62,45,5.4,barley,1
25,94,47,16,119,36,5.6,millet,12
28,145,32,74,41,27,5.5,mustard,11
14,345,72,65,72,68,5.6,tea,3
15,304,35,15,25,105,7.0,maize,6
24,241,32,32,87,58,7.1,pulses,7
22,286,30,32,115,32,7.6,tomato,6
20,135,83,106,112,103,6.8,wheat,6
10,98,45,94,62,10,6.8,millet,6
14,342,51,67,91,73,6.2,coffee,3
30,161,78,23,15,70,5.6,tea,6
13,180,59,47,56,116,7.6,sugarcane,8
13,272,69,80,72,92,6.6,coffee,11
11,319,44,91,53,65,6.3,coffee,11
38,328,54,17,52,71,7.0,sugarcane,2
17,113,37,111,67,20,5.3,wheat,5
15,41,70,98,30,80,7.1,barley,1
24,58,79,90,83,56,7.4,barley,12
13,329,78,100,89,49,7.3,rice,1
18,303,82,91,21,13,6.6,rice,5
22,310,89,115,50,105,5.6,rice,12
15,250,76,83,76,26,6.9,rice,3
26,64,95,50,98,24,7.7,mustard,4
14,140,50,119,66,60,6.5,groundnut,3
16,230,80,97,66,96,6.9,rice,1
29,297,73,19,105,97,6.2,sugarcane,1
16,109,56,61,112,28,6.9,wheat,12
33,61,55,15,49,67,5.1,maize,12
39,226,48,82,87,107,5.2,sugarcane,5
16,49,31,106,118,56,7.7,millet,6
26,189,76,88,56,37,7.6,wheat,3
29,133,41,32,77,70,6.9,maize,12
22,328,86,92,92,85,5.4,rice,9
24,289,47,86,11,39,6.6,coffee,5
39,138,86,81,95,57,5.3,maize,8
37,264,74,113,27,117,6.1,sugarcane,1
21,275,38,57,109,43,6.3,coffee,5
14,320,62,55,59,83,5.4,potato,3
35,59,63,34,101,52,5.5,maize,12
25,297,54,19,61,77,6.4,coffee,1
32,29,38,116,40,83,6.2,maize,4
18,252,91,17,55,56,5.9,rice,5
26,259,45,71,30,94,7.9,sugarcane,7
21,294,67,34,56,56,7.9,jute,1
13,23,58,45,86,79,7.1,barley,3
32,130,63,114,103,90,7.7,maize,2
12,297,44,68,29,107,6.9,millet,9
18,292,41,115,111,112,6.2,coffee,10
17,66,40,48,48,22,7.9,millet,6
34,165,54,22,70,85,5.1,onion,10
29,149,43,101,116,98,6.9,maize,3
30,108,69,95,60,19,6.8,maize,8
11,116,56,24,52,90,6.2,barley,8
13,145,67,53,21,11,6.1,tea,2
30,218,50,117,102,91,7.3,sugarcane,6
18,236,41,47,56,20,7.0,mustard,7
17,62,75,39,83,17,5.7,tea,2
37,194,81,17,25,98,6.3,sugarcane,11
32,82,94,11,23,46,6.3,maize,10
11,136,58,16,71,115,7.3,onion,2
12,147,70,24,26,64,6.3,tea,10
38,205,31,103,11,106,6.1,sugarcane,1
30,185,43,32,111,68,7.3,sugarcane,8
29,332,84,62,107,55,6.8,rice,1
35,197,66,63,41,32,7.0,sugarcane,9
20,227,57,58,76,22,6.8,onion,11
36,219,90,49,51,83,5.7,sugarcane,6
39,271,82,49,36,15,5.6,rice,7
29,179,78,56,31,95,7.7,tomato,10
34,227,61,30,18,43,7.3,sugarcane,7
18,43,44,20,54,45,7.2,millet,10
40,224,57,59,10,117,5.6,sugarcane,3
24,158,77,63,50,49,6.7,wheat,2
23,339,69,95,35,118,7.5,jute,9
32,28,66,41,44,117,6.0,maize,8
40,141,64,81,90,10,6.2,maize,12
32,159,55,30,110,40,7.3,onion,10
32,87,63,48,95,65,5.1,maize,7
34,91,84,15,98,37,5.1,maize,9
39,21,50,115,117,73,7.7,maize,4
31,71,63,63,107,90,5.5,maize,4
39,68,32,73,117,109,6.4,maize,1
38,152,53,51,23,82,7.4,onion,8
13,62,36,115,84,119,6.5,millet,12
37,118,64,52,106,94,5.9,maize,3
35,82,88,48,47,28,6.7,maize,7
26,261,33,112,65,109,6.2,sugarcane,12
18,291,39,67,53,40,6.4,coffee,2
10,159,35,71,44,19,7.2,potato,2
20,201,33,114,82,102,6.4,coffee,7
12,49,67,88,29,100,7.6,barley,6
24,245,88,114,87,27,5.6,rice,3
31,283,89,114,106,45,7.1,rice,9
27,253,88,26,86,101,5.1,rice,10
21,298,37,109,43,88,7.8,mustard,6
27,192,52,72,28,117,6.9,wheat,10
25,41,78,88,28,89,6.7,mustard,10
27,174,53,60,44,26,6.0,wheat,6
30,259,40,38,34,65,5.9,sugarcane,1
36,44,73,116,99,18,5.0,maize,4
40,21,61,90,118,92,5.0,maize,10
15,36,89,12,103,105,6.5,barley,6
29,218,86,55,115,74,5.2,sugarcane,6
35,73,69,84,10,43,7.4,maize,11
36,108,76,66,22,43,7.7,maize,12
38,310,71,109,20,116,7.4,sugarcane,5
36,32,70,120,45,87,5.4,maize,1
31,135,48,109,53,42,5.8,maize,8
24,283,48,62,25,27,6.1,coffee,5
23,189,87,80,38,50,8.0,wheat,12
40,150,82,33,111,81,5.2,tomato,12
28,202,68,72,97,32,7.1,sugarcane,12
25,91,51,93,88,40,5.2,groundnut,5
15,207,53,29,92,33,5.2,tomato,7
31,22,53,32,73,51,6.7,maize,4
19,158,48,20,61,102,6.0,wheat,6
23,99,76,53,67,116,5.7,tea,4
10,146,36,26,109,78,6.4,groundnut,3
33,317,51,21,110,62,6.7,sugarcane,7
24,196,55,45,45,17,5.7,wheat,8
14,264,77,63,44,75,7.7,rice,4
39,78,34,111,28,91,5.3,maize,2
18,104,33,105,25,67,6.8,wheat,12
26,119,37,96,20,29,7.7,wheat,10
28,102,84,103,97,68,7.7,mustard,3
15,48,46,34,10,31,6.4,millet,1
20,154,90,22,15,30,7.8,wheat,8
22,157,32,33,87,34,6.1,wheat,3
32,24,77,47,59,110,7.2,maize,12
36,273,94,101,55,66,7.7,rice,10
20,255,63,81,94,45,8.0,potato,7
10,325,49,103,24,116,5.6,sugarcane,10
33,131,76,84,99,81,7.6,maize,5
16,268,82,106,63,95,7.2,rice,10
10,45,73,40,74,39,6.2,tea,5
33,263,82,117,106,117,5.9,rice,7
22,133,62,66,11,88,7.1,wheat,9
38,85,83,101,56,84,7.7,maize,12
11,73,37,112,110,86,7.3,millet,5
22,143,57,69,43,55,5.7,wheat,1
33,221,35,42,59,22,7.8,sugarcane,10
28,116,38,108,80,79,7.0,millet,10
17,305,46,53,100,96,8.0,pulses,1
13,300,32,78,109,65,5.9,tomato,2
20,145,93,36,83,118,5.1,wheat,6
21,60,79,110,47,86,5.4,barley,9
27,88,94,89,96,27,7.5,mustard,8
11,230,79,61,64,36,6.5,rice,5
22,288,66,18,120,22,7.5,jute,1
15,227,89,16,90,67,6.3,rice,7
13,220,93,14,27,64,5.8,tea,5
30,205,61,101,115,102,6.8,sugarcane,6
39,132,71,18,116,63,7.3,maize,7
36,166,57,55,19,64,8.0,onion,3
28,268,49,84,22,44,7.0,sugarcane,12
16,71,63,28,25,94,5.1,barley,10
37,130,87,66,46,76,6.1,maize,3
38,131,43,20,36,105,7.6,maize,5
18,47,74,13,92,117,6.1,tea,6
34,30,69,13,60,80,6.5,maize,9
21,336,36,72,10,115,7.6,coffee,12
19,95,95,49,112,87,6.4,tea,5
14,132,80,51,37,44,7.4,potato,1
16,54,45,79,96,42,7.8,millet,4
37,195,68,60,70,93,5.7,sugarcane,5
23,239,78,88,62,66,5.2,rice,12
32,150,35,117,80,75,6.8,groundnut,10
10,265,59,74,50,11,5.7,millet,10
14,160,73,11,81,70,6.2,tea,5
25,266,58,58,108,10,7.4,onion,7
36,252,47,69,12,38,5.5,sugarcane,4
26,141,57,92,100,94,5.7,wheat,1
10,211,48,15,26,26,6.0,groundnut,5
21,280,35,25,22,95,6.7,coffee,7
15,121,84,43,109,21,5.4,potato,10
15,250,60,86,70,113,6.3,coffee,10
25,255,93,89,107,84,7.8,rice,6
15,268,63,96,29,55,7.9,potato,5
31,303,45,50,23,93,5.6,sugarcane,4
18,215,49,32,30,36,7.5,jute,2
36,202,51,95,54,78,5.8,sugarcane,4
27,182,85,117,58,59,6.6,wheat,10
29,134,48,95,66,108,6.5,maize,10
23,219,78,84,14,113,5.6,tea,3
15,60,36,70,53,64,7.3,millet,10
21,96,62,48,56,20,7.5,barley,1
22,326,63,91,35,53,6.7,coffee,8
16,303,76,97,94,120,7.2,rice,5
34,110,82,17,88,29,7.8,maize,4
21,44,53,38,117,107,5.1,barley,8
18,281,32,68,17,13,5.9,groundnut,7
36,258,73,109,66,43,5.3,sugarcane,2
27,204,64,109,100,36,7.2,sugarcane,1
10,122,93,63,57,24,5.9,tea,12
24,194,35,78,61,58,7.7,wheat,11
33,305,50,45,35,52,7.6,sugarcane,4
15,70,30,12,34,47,7.7,millet,8
24,114,91,15,118,85,5.9,wheat,12
15,175,45,32,33,42,7.7,pulses,2
40,284,48,45,63,33,5.6,sugarcane,3
29,187,54,52,113,78,5.7,sugarcane,12
28,301,86,36,94,34,6.8,rice,1
15,243,89,41,109,87,5.9,rice,1
10,343,44,20,80,106,7.6,sugarcane,3
33,153,79,28,114,68,5.9,tea,11
17,160,93,31,88,32,7.8,wheat,5
12,322,34,24,61,20,6.4,coffee,12
35,299,46,81,48,79,6.7,sugarcane,3
40,231,32,103,87,77,5.6,sugarcane,1
23,159,35,48,99,24,5.4,wheat,1
40,34,75,17,70,49,5.5,maize,8
31,33,42,74,19,91,6.0,maize,10
17,150,52,89,28,16,5.9,wheat,11
24,172,80,73,61,36,5.7,wheat,12
25,102,39,52,20,82,5.8,wheat,12
10,207,35,49,26,56,6.9,cotton,2
27,300,38,103,21,71,5.2,sugarcane,3
20,92,59,74,105,57,6.3,barley,2
33,308,82,16,70,13,6.2,rice,3
40,342,76,105,117,75,6.1,rice,7
25,164,34,79,39,31,6.5,wheat,1
35,312,92,65,103,86,6.4,rice,10
21,296,64,83,11,37,5.5,potato,8
12,191,64,120,91,65,7.7,potato,10
40,50,90,11,81,33,6.8,maize,10
29,149,90,106,26,50,5.0,maize,10
26,265,69,83,11,79,5.7,sugarcane,2
26,321,36,48,115,97,6.6,sugarcane,3
19,190,86,23,28,106,6.6,wheat,9
37,50,72,23,116,91,7.8,maize,7
11,186,30,49,100,72,5.2,tea,4
30,48,45,109,87,61,6.5,maize,10
33,193,31,59,109,91,7.2,sugarcane,5
12,117,61,119,59,112,7.4,barley,2
27,32,85,65,53,51,5.1,mustard,11
34,340,73,94,50,39,5.2,sugarcane,8
20,337,47,26,47,38,5.5,rice,4
21,260,55,97,78,85,7.0,onion,9
15,267,50,101,88,103,6.3,coffee,5
11,27,39,89,84,19,6.8,millet,9
12,293,40,19,91,108,7.4,onion,4
23,104,92,107,31,84,6.7,wheat,10
10,143,87,61,23,100,5.2,potato,5
25,151,61,75,105,33,7.1,wheat,9
38,114,67,81,92,60,6.1,maize,8
11,221,55,65,99,119,7.7,groundnut,3
26,264,51,90,75,41,5.9,sugarcane,1
17,47,68,43,42,111,5.1,barley,3
20,242,94,34,96,77,5.5,rice,4
25,336,86,35,115,99,7.9,rice,2
38,134,69,44,23,46,6.1,maize,1
14,285,42,61,46,26,6.5,coffee,7
39,203,74,115,108,120,5.2,sugarcane,8
21,331,80,23,112,81,6.6,rice,7
37,258,66,15,108,69,5.5,sugarcane,5
16,140,62,28,56,29,6.8,wheat,12
29,316,81,44,16,86,5.7,rice,1
27,103,45,65,69,43,6.8,wheat,7
16,284,94,45,21,61,6.7,rice,7
40,326,81,118,47,14,6.4,rice,9
17,233,90,25,112,38,7.7,rice,3
27,117,70,30,118,57,6.4,wheat,9
27,254,37,38,92,86,6.3,sugarcane,1
34,177,45,35,26,120,6.2,coffee,1
26,185,81,116,62,13,6.1,wheat,4
12,256,60,47,63,10,6.7,coffee,9
16,175,82,23,24,68,6.0,wheat,6
17,127,55,16,116,86,7.1,wheat,11
30,257,78,108,62,108,7.2,rice,3
15,350,93,73,21,80,5.9,rice,1
13,27,79,55,41,101,7.0,barley,4
23,62,48,53,77,41,6.9,millet,12
21,199,55,69,36,38,5.1,wheat,9
27,244,52,101,89,58,6.3,sugarcane,3
21,60,90,88,20,28,6.1,tea,12
16,242,61,82,47,24,6.1,tea,9
14,64,51,63,60,13,6.3,barley,7
39,26,88,57,36,52,5.7,maize,12
18,171,70,70,60,67,5.2,wheat,4
15,256,64,113,107,108,6.5,coffee,3
37,311,66,88,19,102,5.1,sugarcane,10
16,217,67,112,80,14,7.7,jute,5
19,159,76,52,28,87,7.9,wheat,5
25,38,86,55,41,25,5.7,tea,3
32,125,46,13,96,16,5.9,maize,12
19,87,67,67,32,21,5.8,tea,9
21,155,86,21,53,20,6.4,wheat,4
29,341,33,73,75,71,7.0,sugarcane,11
22,330,69,39,43,29,7.8,jute,5
39,105,83,44,52,82,7.0,maize,4
18,229,63,59,67,63,5.5,potato,5
29,315,91,73,26,101,5.5,rice,7
27,224,59,118,63,67,6.7,sugarcane,9
33,217,91,13,52,120,7.4,sugarcane,7
35,88,90,47,83,62,6.0,maize,5
22,161,30,28,83,49,5.2,wheat,10
30,288,58,88,30,10,7.8,sugarcane,10
25,218,67,13,91,76,6.7,coffee,7
24,195,85,41,119,93,6.2,wheat,10
15,88,81,54,46,29,7.0,barley,5
20,82,61,39,78,41,5.6,tea,3
10,309,31,86,62,79,7.9,pulses,7
40,62,33,39,43,96,5.2,maize,11
15,319,61,18,82,83,6.4,tea,11
21,270,67,69,19,20,7.9,jute,2
12,267,31,63,62,54,6.7,coffee,12
38,339,72,98,118,104,5.7,sugarcane,9
36,90,65,16,66,93,6.9,maize,10
11,346,49,100,79,98,5.4,jute,10
14,331,43,118,89,49,7.6,cotton,12
30,328,85,89,73,47,7.7,rice,1
23,98,71,68,64,93,6.1,tea,6
28,165,47,51,49,73,5.3,tea,7
15,75,51,112,110,25,5.7,barley,8
22,322,40,96,11,32,5.2,barley,10
11,119,62,119,62,47,7.2,barley,9
34,294,71,22,59,115,7.9,sugarcane,2
19,58,77,106,19,41,5.1,barley,11
15,167,92,10,120,53,7.1,potato,10
21,84,88,14,79,28,7.6,barley,2
11,227,86,24,50,91,7.5,rice,5
25,168,58,91,15,33,6.7,wheat,5
40,161,60,117,14,47,7.3,onion,6
36,77,79,97,90,116,5.7,maize,3
11,175,93,95,93,35,6.3,tea,8
23,106,77,56,101,23,7.2,wheat,1
33,74,73,40,62,28,7.3,maize,6
35,85,66,56,119,117,6.0,maize,4
23,63,95,13,112,13,5.1,barley,1
14,37,61,67,29,67,7.0,barley,7
40,147,55,28,20,92,7.3,maize,9
37,283,62,91,69,48,6.9,sugarcane,4
26,242,85,22,46,44,5.5,rice,4
24,166,72,104,51,47,6.5,wheat,6
14,134,32,21,31,17,7.7,maize,12
32,285,78,113,69,24,7.6,rice,3
13,269,76,55,32,59,5.1,rice,12
17,57,74,95,40,11,6.6,barley,6
38,177,32,40,117,19,5.9,millet,7
24,93,64,101,71,26,6.6,barley,11
19,132,64,109,108,115,7.2,wheat,10
14,165,32,72,78,88,5.4,mustard,10
32,257,86,77,100,111,7.9,rice,3
11,124,63,37,45,118,6.3,tea,7
13,136,35,89,54,93,6.3,millet,3
13,121,32,116,78,82,7.5,cotton,2
13,44,78,95,82,13,5.9,tea,12
28,296,63,77,29,27,6.3,sugarcane,10
37,39,88,32,79,68,7.9,maize,4
29,245,49,41,23,102,7.9,sugarcane,12
37,325,87,115,50,52,7.1,rice,8
24,266,36,108,83,98,6.9,onion,9
32,127,30,100,72,62,6.8,maize,7
33,192,71,80,118,66,6.0,sugarcane,1
19,322,73,58,83,40,6.3,tea,3
28,155,68,39,27,70,7.1,tomato,12
26,298,52,102,50,77,7.3,sugarcane,9
18,326,68,78,91,15,7.3,jute,12
29,127,48,64,88,34,6.9,maize,1
26,276,80,85,30,56,6.1,rice,9
19,90,76,116,94,79,8.0,barley,8
12,271,79,76,10,68,7.6,rice,1
14,144,35,65,87,100,6.7,mustard,6
13,53,50,15,120,87,7.7,barley,5
11,225,67,74,56,70,5.2,jute,6
19,141,30,33,31,94,5.1,wheat,10
26,350,94,30,105,38,5.3,rice,12
17,191,92,114,56,39,5.1,wheat,5
23,168,76,26,87,110,6.4,wheat,6
31,72,73,35,65,17,7.6,maize,5
32,133,43,94,63,61,5.1,maize,11
33,110,86,34,38,25,6.8,maize,12
17,255,62,78,25,61,5.9,tea,5
12,268,56,26,66,15,7.8,soybean,4
16,127,72,25,11,22,7.8,wheat,3
30,312,55,17,85,111,7.3,sugarcane,3
17,284,59,96,96,108,5.8,soybean,4
12,60,93,65,59,15,5.4,barley,9
36,200,87,41,91,51,6.1,sugarcane,2
40,251,37,43,77,86,5.4,sugarcane,9
10,219,53,22,67,114,6.4,coffee,1
37,250,67,22,70,48,7.5,sugarcane,1
31,293,87,89,59,89,7.8,rice,5
39,99,57,40,14,12,6.1,maize,6
38,81,68,95,61,98,7.9,maize,6
30,347,93,15,11,44,5.3,rice,3
12,162,82,11,25,62,7.9,potato,7
33,322,60,58,54,25,7.0,sugarcane,9
25,339,92,78,120,82,7.5,rice,11
26,327,93,67,84,101,5.3,rice,12
36,271,59,65,21,55,7.7,sugarcane,10
22,46,92,31,41,39,6.4,tea,8
29,334,90,44,98,23,7.6,rice,6
30,227,88,37,22,56,5.9,rice,12
24,95,62,101,59,89,7.9,barley,8
35,247,92,47,61,48,5.6,rice,12
33,176,74,43,67,80,5.9,tea,5
32,51,66,59,116,64,6.6,maize,8
30,157,89,26,54,51,5.2,tomato,10
22,168,74,12,89,119,7.7,wheat,12
27,344,95,14,37,34,6.7,rice,4
14,230,77,105,100,44,5.3,rice,10
34,242,92,75,41,113,5.2,rice,8
35,301,55,109,111,22,6.7,sugarcane,10
14,103,91,111,36,76,6.2,tea,12
34,235,65,102,65,96,7.9,sugarcane,2
36,335,41,46,74,118,6.0,sugarcane,12
17,280,42,115,25,112,6.1,coffee,12
19,188,94,117,64,33,8.0,wheat,5
10,68,31,76,41,82,8.0,millet,9
32,142,61,102,58,65,5.6,maize,4
26,108,33,110,119,18,5.8,wheat,11
35,239,78,79,44,41,7.1,rice,6
20,122,73,63,106,46,7.1,wheat,1
40,193,54,101,84,21,5.9,sugarcane,9
24,241,88,10,70,72,5.8,rice,1
19,240,31,110,66,24,6.3,coffee,5
38,35,64,28,104,113,5.2,maize,4
25,233,84,115,37,75,6.6,rice,12
30,233,77,96,55,43,5.9,rice,3
32,163,61,112,108,112,6.2,tea,6
13,176,50,91,88,89,6.1,coffee,2
24,284,51,113,45,69,6.6,coffee,3
34,244,36,19,67,99,6.7,sugarcane,5
15,93,36,16,24,84,6.1,millet,9
17,94,89,73,72,83,7.4,barley,2
12,323,49,20,96,75,6.8,mustard,10
15,307,60,88,54,96,7.4,wheat,8
32,38,58,113,106,61,5.4,maize,2
39,205,34,75,69,95,7.4,sugarcane,11
13,122,95,23,60,34,5.1,potato,5
34,54,93,29,96,67,6.0,maize,7
34,261,86,22,72,88,5.6,rice,8
40,342,35,66,67,99,7.7,sugarcane,1
36,146,54,94,66,84,8.0,maize,6
21,224,73,47,20,19,5.4,jute,1
37,68,51,49,19,18,5.1,maize,2
30,157,40,26,105,71,7.6,sugarcane,1
30,134,67,18,114,55,7.6,maize,11
32,159,83,72,94,23,5.4,tomato,5
39,287,72,102,75,37,5.9,sugarcane,10
17,221,52,81,12,88,6.0,tomato,9
19,82,93,66,18,118,6.2,tea,6
22,218,41,13,56,87,5.1,soybean,11
15,138,71,76,100,35,5.6,tea,11
12,35,52,109,80,32,5.0,barley,1
16,304,78,49,85,114,6.5,rice,1
18,77,32,76,67,41,7.9,millet,2
38,207,85,113,58,46,8.0,sugarcane,9
27,172,52,69,46,24,7.0,wheat,3
10,289,73,25,73,47,5.6,tea,1
14,48,36,120,115,118,5.2,millet,5
22,242,87,87,32,22,7.6,rice,7
14,183,81,76,95,55,6.1,tea,6
13,227,36,91,34,84,5.2,cotton,12
33,98,32,107,52,115,6.9,maize,1
21,287,59,59,11,103,7.4,onion,5
15,72,34,36,90,42,7.4,millet,5
17,55,48,92,19,116,5.4,millet,6
15,317,35,63,69,69,5.8,wheat,3
22,344,44,92,14,82,5.9,coffee,5
22,231,72,63,108,36,6.6,coffee,7
29,161,64,96,44,45,5.9,tea,5
33,80,77,35,72,96,6.6,maize,5
21,305,36,46,33,53,5.3,coffee,5
33,239,78,14,77,99,7.5,rice,10
10,130,42,10,60,62,7.5,onion,10
24,297,85,81,72,77,7.5,rice,3
16,314,69,16,47,110,6.4,tea,1
20,24,35,82,102,40,6.2,millet,5
37,206,38,10,81,17,5.2,sugarcane,9
27,35,71,57,116,56,6.8,mustard,1
15,309,76,25,57,22,7.7,rice,3
17,41,68,27,58,118,5.7,tea,4
18,166,60,88,25,98,5.1,wheat,1
30,143,92,46,41,76,5.1,maize,1
16,23,64,90,116,42,7.8,barley,8
29,261,87,36,98,67,5.8,rice,2
20,249,34,43,41,73,5.6,groundnut,12
13,261,54,26,102,23,6.4,coffee,8
31,300,39,52,110,55,5.3,sugarcane,7
35,226,62,31,47,32,6.1,sugarcane,10
18,106,69,50,33,38,7.1,wheat,10
22,76,83,84,16,51,5.4,barley,2
13,251,58,78,43,55,5.4,potato,6
21,150,91,102,13,104,7.5,wheat,6
40,22,69,21,74,24,5.4,maize,3
39,277,50,88,57,111,5.2,sugarcane,11
26,248,57,31,23,62,5.6,sugarcane,2
29,158,79,36,52,113,7.1,tomato,12
14,88,56,70,107,76,6.1,barley,1
23,83,31,19,53,97,5.3,millet,6
29,58,49,78,71,48,6.8,maize,12
29,94,85,11,60,87,7.1,maize,5
26,26,83,116,120,53,7.0,mustard,11
15,171,95,47,111,23,6.7,coffee,9
18,179,83,41,52,12,5.2,wheat,1
36,149,69,53,104,23,7.2,maize,7
38,223,48,65,98,10,6.4,sugarcane,5
22,236,35,66,117,109,5.1,sugarcane,5
17,293,83,26,58,78,6.5,rice,2
24,317,89,40,90,44,7.8,rice,11
35,57,52,34,35,107,5.5,maize,3
24,65,39,67,29,49,6.1,millet,7
37,232,70,53,76,83,6.0,sugarcane,6
15,102,42,27,30,103,7.5,millet,12
28,113,74,69,89,81,6.8,mustard,2
32,190,62,95,99,118,5.0,sugarcane,6
36,104,49,33,120,75,7.6,maize,2
18,71,58,72,108,22,7.9,barley,2
12,206,36,115,106,18,6.1,coffee,2
27,207,41,61,34,111,5.1,sugarcane,11
12,237,95,31,92,13,6.1,rice,3
38,40,62,98,35,86,6.5,maize,2
17,279,86,81,93,42,5.6,rice,4
11,347,48,41,68,64,5.4,tea,9
13,288,55,38,67,27,7.1,potato,6
27,168,68,18,99,96,5.2,wheat,1
28,27,31,99,40,69,8.0,millet,8
14,104,35,100,12,29,5.8,millet,12
19,43,54,39,13,88,7.5,barley,7
34,188,50,102,65,44,6.3,sugarcane,10
27,126,80,100,82,77,6.3,wheat,3
33,213,61,55,70,103,5.8,sugarcane,1
12,67,66,29,44,11,7.1,barley,5
36,190,75,53,95,34,6.2,sugarcane,4
24,250,49,118,85,46,7.0,potato,10
31,148,67,61,119,14,6.1,maize,8
31,276,53,106,12,107,7.6,sugarcane,1
25,211,64,55,100,58,7.6,onion,10
11,185,81,66,38,30,5.6,tea,1
18,335,37,96,27,34,5.7,cotton,12
28,96,35,61,33,40,7.3,millet,4
29,67,56,119,108,18,5.0,maize,8
23,273,65,13,23,71,5.7,tea,5
19,56,64,26,88,78,7.1,barley,2
16,333,64,55,96,53,7.6,potato,6
16,288,37,88,106,85,5.7,cotton,5
11,75,77,12,24,115,5.7,tea,2
37,132,71,14,58,76,5.8,maize,11
22,138,63,80,70,101,6.8,wheat,11
11,54,60,52,35,39,7.8,barley,11
19,194,68,120,54,117,6.6,wheat,3
23,174,68,42,39,55,5.4,wheat,9
35,230,76,113,119,25,8.0,rice,7
18,111,31,32,55,72,5.2,wheat,7
35,169,70,84,52,18,7.1,tomato,11
20,236,85,79,87,53,6.1,rice,6
22,34,34,45,116,78,7.9,millet,8
35,350,47,87,34,40,6.2,sugarcane,4
17,136,52,66,40,91,6.0,wheat,8
20,85,66,108,25,17,5.8,tea,4
13,114,49,67,87,18,7.8,millet,8
31,74,38,29,78,90,5.6,maize,9
31,310,95,11,38,23,7.9,rice,3
30,347,81,70,57,14,7.9,rice,3
40,217,69,14,37,20,5.3,sugarcane,11
17,343,53,36,104,87,5.3,maize,2
10,127,90,25,63,88,6.2,tea,10
30,35,49,104,105,27,7.0,maize,3
40,228,56,32,104,72,7.5,sugarcane,3
14,309,80,69,112,15,7.3,rice,5
13,251,40,110,30,35,5.2,tea,5
23,139,93,35,52,30,6.3,wheat,2
28,131,35,57,111,106,7.4,mustard,12
17,220,64,74,28,35,7.3,potato,10
27,174,34,58,50,108,6.3,wheat,6
13,279,69,83,75,79,5.5,jute,5
32,269,90,87,77,94,7.9,rice,6
28,218,30,12,55,62,5.3,sugarcane,1
15,75,60,53,68,116,6.0,barley,5
20,179,85,63,78,38,5.8,wheat,9
13,149,67,40,71,16,6.6,potato,12
26,159,34,98,61,42,6.1,wheat,10
25,114,78,48,73,103,6.1,wheat,2
23,289,44,19,101,54,5.5,maize,1
13,287,53,88,43,108,5.8,maize,10
38,344,93,88,120,48,7.4,rice,11
24,237,39,111,119,58,5.7,tea,9
40,283,45,85,113,101,7.3,sugarcane,10
33,321,34,66,92,25,5.8,sugarcane,9
11,222,93,46,24,22,7.2,rice,9
34,300,53,92,67,15,7.2,sugarcane,6
14,250,54,95,29,102,6.8,groundnut,8
26,278,85,16,115,75,5.5,rice,11
40,106,60,43,53,111,5.2,maize,1
15,109,95,109,39,88,5.0,barley,10
40,74,63,102,114,31,6.2,maize,4
36,165,54,16,77,31,6.3,coffee,1
13,159,50,89,109,85,7.2,pulses,8
37,169,94,95,59,72,6.5,coffee,1
24,37,76,93,85,111,6.4,tea,3
29,39,36,69,39,54,6.4,maize,4
15,213,68,29,18,68,6.3,tea,8
27,265,81,55,27,60,6.8,rice,6
37,324,39,38,58,28,6.7,sugarcane,10
22,88,67,74,72,74,6.4,tea,12
11,261,77,103,55,87,5.4,rice,7
27,286,73,99,57,31,6.9,sugarcane,8
27,211,59,75,86,102,6.1,sugarcane,2
10,249,64,25,102,25,6.4,tea,10
39,210,73,20,98,69,7.8,sugarcane,11
21,73,87,61,83,99,6.1,tea,8
15,318,46,76,34,101,5.1,sugarcane,3
22,30,67,32,27,94,7.1,barley,7
30,207,67,80,29,53,6.9,sugarcane,3
40,217,58,17,29,27,5.9,sugarcane,7
32,254,72,77,61,78,6.1,sugarcane,11
35,225,56,12,92,81,6.6,sugarcane,12
36,280,61,76,21,10,6.3,sugarcane,2
11,229,52,51,88,91,7.6,millet,10
31,89,59,57,25,108,7.9,maize,6
37,182,65,55,64,45,6.6,sugarcane,3
29,253,86,100,63,97,7.9,rice,3
20,207,76,112,98,71,6.3,tea,9
36,38,65,108,77,83,5.2,maize,7
27,139,72,82,70,18,7.4,wheat,5
20,136,91,18,64,61,7.1,wheat,12
40,38,34,65,78,21,7.0,maize,10
39,286,75,69,79,50,6.1,sugarcane,7
26,157,62,95,41,97,7.4,wheat,9
10,52,89,32,22,49,5.4,barley,1
33,169,56,54,102,24,7.1,onion,7
22,314,83,87,91,18,7.5,rice,6
33,63,70,108,66,102,7.5,maize,10
29,30,47,73,51,19,6.8,maize,12
21,177,37,89,38,16,5.8,wheat,9
19,83,59,112,69,106,5.3,barley,1
11,83,57,32,50,72,7.3,barley,4
39,266,91,103,74,119,6.3,rice,9
23,162,61,59,61,52,5.6,wheat,4
35,190,89,108,27,120,5.5,sugarcane,10
12,335,63,45,56,13,6.1,tea,3
23,331,66,34,25,92,6.5,coffee,9
12,336,93,54,66,25,5.9,rice,2
19,263,86,29,101,76,5.5,rice,4
23,175,81,91,66,84,7.6,wheat,6
17,126,45,53,54,117,6.3,wheat,2
35,347,88,22,105,37,5.1,rice,8
31,334,35,21,17,53,7.6,sugarcane,8
11,317,39,14,76,94,6.8,wheat,1
35,136,67,82,115,89,6.3,maize,12
17,184,47,89,112,56,7.6,wheat,3
32,150,91,52,26,16,6.6,tomato,10
25,168,70,104,55,48,7.3,wheat,9
12,290,49,97,62,77,5.5,groundnut,5
25,178,93,29,30,43,8.0,wheat,6
25,120,90,47,105,32,5.8,wheat,4
36,256,85,65,57,92,5.3,rice,10
12,325,58,47,14,53,5.1,soybean,2
18,289,95,100,60,88,6.1,rice,11
13,233,61,115,120,32,7.7,potato,8
15,230,69,45,27,112,7.5,jute,11
18,242,62,99,91,85,7.2,potato,6
18,207,73,12,14,75,8.0,jute,5
29,189,54,118,48,113,5.1,sugarcane,9
12,20,33,101,16,113,5.0,millet,1
32,58,31,46,61,66,6.4,maize,5
27,260,87,113,100,88,7.7,rice,6
10,42,58,44,76,33,6.4,barley,5
17,338,81,66,29,33,6.4,rice,6
30,154,67,98,119,65,7.3,tomato,6
12,57,87,19,62,63,5.7,tea,7
36,208,61,18,37,117,7.4,sugarcane,4
26,185,52,76,99,75,7.1,wheat,11
18,345,51,86,73,111,5.9,tea,8
15,88,44,13,118,36,5.8,millet,7
33,27,66,12,15,108,7.2,maize,9
31,140,68,67,11,60,6.5,maize,7
11,73,34,26,95,22,5.4,millet,3
33,318,61,84,19,40,6.5,sugarcane,3
10,224,38,26,73,13,6.6,coffee,8
35,127,36,45,109,115,5.2,maize,5
24,288,42,71,95,94,6.3,coffee,4
33,198,51,32,117,109,7.1,sugarcane,8
37,266,34,77,85,110,7.3,sugarcane,6
23,173,91,17,25,86,5.8,wheat,2
31,287,50,84,105,108,5.9,sugarcane,4
31,268,90,66,98,96,6.3,rice,12
21,215,75,61,15,104,8.0,jute,11
27,136,56,117,45,61,6.6,wheat,4
27,307,60,102,45,69,6.6,sugarcane,6
23,221,84,107,51,71,5.8,rice,6
34,138,33,78,109,92,7.5,maize,1
32,271,90,120,71,35,6.1,rice,8
11,185,84,29,34,64,5.4,potato,6
17,80,66,20,109,86,5.3,barley,3
35,134,70,116,46,42,6.7,maize,9
27,176,88,10,50,98,7.2,wheat,2
22,73,55,108,103,48,7.5,barley,11
33,324,58,59,97,50,6.5,sugarcane,8
23,120,54,67,62,115,6.0,wheat,10
18,33,33,81,97,33,6.9,millet,3
18,296,75,44,108,101,5.2,jute,12
31,274,64,12,114,69,7.0,sugarcane,5
23,208,49,75,78,46,7.2,tomato,6
40,187,48,51,110,91,5.1,sugarcane,10
22,184,76,27,27,116,6.3,wheat,6
27,207,61,52,39,71,7.9,sugarcane,4
21,54,73,46,69,106,7.0,barley,3
14,297,95,104,81,119,6.3,rice,4
16,26,36,82,32,106,6.5,millet,1
32,313,82,60,93,105,8.0,rice,4
13,228,39,11,96,86,7.1,mustard,1
19,39,52,67,109,82,7.6,barley,12
30,230,39,103,48,54,5.3,sugarcane,1
19,262,89,65,60,14,6.7,rice,10
14,107,45,109,53,110,5.4,millet,6
37,188,47,113,60,50,7.6,sugarcane,5
23,179,41,100,20,29,7.1,wheat,11
34,69,48,45,37,102,5.9,maize,4
26,159,77,72,26,111,7.4,wheat,11
26,238,49,20,68,98,6.8,sugarcane,3
35,21,44,77,60,74,6.4,maize,1
33,284,44,91,34,52,5.9,sugarcane,6
27,347,95,29,37,38,7.3,rice,2
32,129,72,69,49,101,6.5,maize,8
23,338,31,21,106,23,7.7,barley,10
15,337,87,21,120,24,7.7,rice,5
31,330,90,114,89,51,7.0,rice,7
25,190,43,119,62,43,5.5,wheat,10
39,310,61,80,77,20,5.7,sugarcane,12
30,297,32,105,36,84,5.1,sugarcane,2
15,189,41,36,92,116,6.2,coffee,8
17,167,90,48,74,23,5.2,wheat,2
13,179,63,61,17,55,6.9,potato,4
16,256,32,83,35,40,6.4,coffee,1
36,49,70,33,100,88,5.2,maize,5
23,125,68,10,46,52,6.6,wheat,9
32,247,87,16,78,39,6.6,rice,1
23,347,77,41,60,68,6.4,rice,9
22,132,65,96,63,88,7.4,wheat,11
18,98,47,107,99,74,7.2,millet,8
37,295,75,23,83,64,8.0,sugarcane,6
33,267,33,12,75,32,5.2,sugarcane,7
14,254,86,82,26,94,7.0,rice,3
11,230,59,17,37,35,7.5,cotton,1
33,214,63,97,48,64,5.9,sugarcane,5
16,119,51,110,45,111,5.0,wheat,12
26,219,49,92,109,10,7.1,sugarcane,12
15,349,83,67,58,75,7.5,rice,2
37,172,31,107,90,99,6.5,coffee,5
11,247,62,36,15,111,7.8,potato,8
24,202,76,78,94,81,6.9,jute,11
22,154,76,76,75,92,6.0,wheat,9
32,285,64,37,42,64,6.3,sugarcane,2
17,158,32,73,24,60,7.6,wheat,12
18,52,94,95,23,56,7.6,barley,3
33,128,50,16,103,101,5.8,maize,3
14,319,45,84,74,120,6.6,coffee,1
36,147,56,79,91,50,7.2,maize,8
17,267,66,34,57,64,8.0,jute,6
28,205,30,98,78,109,5.1,sugarcane,12
26,79,34,86,110,50,6.1,millet,8
12,258,58,21,106,53,5.7,coffee,11
24,159,56,23,104,39,7.5,wheat,9
11,172,59,67,89,43,6.8,soybean,5
29,341,71,32,61,107,5.4,sugarcane,12
37,299,69,112,84,72,5.8,sugarcane,3
34,321,50,32,90,49,6.9,sugarcane,5
14,287,47,41,83,82,6.0,maize,5
37,22,70,98,50,35,5.8,maize,5
11,142,53,37,83,83,6.3,tea,3
32,295,43,24,101,91,5.1,sugarcane,11
27,76,68,15,27,12,6.7,mustard,10
34,221,68,61,106,27,6.1,sugarcane,4
28,226,57,120,114,108,5.6,sugarcane,9
28,82,51,88,87,44,5.5,groundnut,10
17,179,55,72,106,57,5.8,wheat,9
18,323,82,113,69,72,6.5,rice,2
13,71,84,86,21,59,6.1,tea,8
40,194,36,24,116,71,6.2,sugarcane,8
20,268,53,81,52,106,7.4,mustard,7
18,113,59,93,86,46,5.4,wheat,8
12,198,61,83,108,76,5.2,potato,3
21,145,53,14,16,46,7.7,wheat,6
11,305,46,36,95,54,7.0,cotton,1
21,100,33,59,111,82,7.8,millet,7
16,253,68,116,76,45,6.0,tea,1
12,320,52,61,43,102,7.2,jute,9
20,49,34,12,111,105,6.5,millet,1
32,311,40,104,107,61,6.9,sugarcane,1
30,170,49,115,92,69,5.7,pulses,7
23,176,43,102,85,71,5.4,wheat,2
15,20,66,93,57,58,7.0,barley,5
22,276,56,30,81,47,5.2,onion,8
15,262,86,83,48,91,6.7,rice,8
38,53,82,110,107,48,7.5,maize,3
22,314,38,88,75,86,5.0,coffee,7
33,254,74,109,75,105,6.8,sugarcane,3
20,172,69,101,110,56,5.8,wheat,6
25,274,70,110,36,10,7.3,jute,6
21,81,30,111,14,35,6.1,millet,3
22,315,85,102,93,93,8.0,rice,7
21,74,42,67,28,69,5.2,millet,3
15,342,87,23,54,35,7.0,rice,8
18,321,36,17,31,106,7.5,maize,10
31,53,52,49,43,111,6.3,maize,4
30,145,65,76,90,24,7.0,maize,1
15,177,89,81,51,51,5.9,tea,4
28,346,41,99,96,110,5.7,sugarcane,7
25,254,93,98,20,64,7.7,rice,11
17,271,88,44,16,20,6.5,rice,4
18,286,39,36,15,75,7.9,mustard,6
34,207,44,35,82,111,7.5,sugarcane,9
32,154,35,74,70,60,7.2,mustard,1
25,235,92,105,108,78,6.7,rice,5
28,207,68,66,30,16,6.3,sugarcane,11
13,192,86,103,14,43,6.3,tea,7
21,48,47,62,110,82,7.3,millet,1
11,244,59,63,13,47,6.1,coffee,4
27,21,71,54,45,118,5.2,mustard,6
30,325,57,69,32,14,7.5,sugarcane,2
30,36,84,26,79,42,6.9,maize,10
23,100,63,100,25,24,6.3,tea,5
37,297,84,32,29,80,8.0,rice,11
11,189,47,58,112,74,6.5,coffee,10
35,244,48,67,108,19,8.0,sugarcane,1
22,258,40,41,41,89,5.9,wheat,6
30,163,64,120,43,10,6.0,tea,6
40,188,47,87,73,111,6.8,sugarcane,4
23,89,58,94,91,16,6.4,barley,8
39,333,72,39,110,16,7.8,sugarcane,4
10,91,68,58,16,103,6.9,barley,8
11,102,50,72,62,66,5.5,barley,8
25,288,91,27,81,41,7.7,rice,5
10,112,88,57,31,44,5.6,tea,4
22,186,35,47,77,13,6.8,wheat,12
39,203,50,118,98,45,5.1,sugarcane,2
11,193,88,111,25,101,6.5,coffee,11
39,75,93,51,97,16,6.2,maize,3
33,248,39,18,40,77,6.4,sugarcane,3
18,220,50,42,91,99,6.3,coffee,4
22,213,81,48,69,54,6.4,tea,4
39,40,59,70,21,96,7.6,maize,10
12,87,71,90,58,103,6.1,tea,11
35,70,70,74,50,67,7.5,maize,11
13,346,55,52,89,81,7.3,cotton,5
23,151,38,31,18,58,6.0,wheat,4
15,299,80,12,65,29,5.0,rice,11
33,299,63,64,20,99,5.6,sugarcane,10
39,38,42,116,70,52,5.6,maize,8
29,114,60,60,87,87,5.8,maize,6
37,25,40,27,92,40,8.0,maize,6
33,318,64,92,97,25,7.6,sugarcane,8
30,345,46,24,87,23,5.3,sugarcane,7
26,43,42,112,102,51,5.0,millet,10
10,324,35,11,65,43,5.5,maize,11
27,290,80,75,62,74,7.7,rice,12
38,331,69,25,95,85,7.6,sugarcane,10
24,313,83,109,50,91,5.5,rice,8
13,197,69,108,120,104,6.2,tea,2
30,159,90,11,31,23,7.1,tomato,9
31,242,54,98,88,110,5.4,sugarcane,1
38,263,44,30,72,27,6.9,sugarcane,8
38,251,41,23,73,110,5.5,sugarcane,12
32,156,40,19,62,64,5.8,tea,11
16,220,85,10,38,52,5.3,jute,12
35,303,50,76,18,116,5.7,sugarcane,12
25,211,95,82,30,104,7.5,jute,4
36,78,65,40,14,52,7.9,maize,4
39,23,68,29,73,90,5.9,maize,5
32,38,66,23,96,76,7.0,maize,8
23,349,80,48,105,22,6.4,rice,5
24,298,54,64,83,68,7.8,onion,8
29,267,88,19,48,111,5.1,rice,10
12,171,87,34,82,15,6.6,coffee,1
33,109,80,109,47,41,6.6,maize,12
38,39,50,85,77,87,6.3,maize,10
15,93,71,24,19,101,6.5,barley,9
15,264,61,39,17,94,6.3,tea,6
15,140,36,14,50,37,7.3,groundnut,3
11,162,41,60,37,51,6.0,sugarcane,8
19,305,32,42,85,85,6.1,coffee,9
28,301,42,25,13,75,6.2,sugarcane,6
34,45,84,38,34,49,5.6,maize,11
11,173,61,68,37,48,5.3,potato,7
35,191,31,110,78,90,8.0,sugarcane,1
19,191,66,79,66,40,5.8,wheat,5
24,296,39,60,92,61,7.5,wheat,5
10,219,73,101,20,18,7.2,jute,10
38,220,69,89,101,40,5.8,sugarcane,4
34,104,36,31,110,67,7.1,maize,6
34,347,52,28,79,67,6.9,sugarcane,7
37,143,46,31,94,55,6.9,maize,9
20,78,50,46,71,87,6.2,barley,1
18,333,89,27,48,61,7.6,rice,6
10,78,32,11,15,13,7.4,millet,7
25,99,54,44,118,107,5.8,groundnut,3
12,158,54,75,73,14,6.2,coffee,8
24,47,70,110,68,67,6.5,barley,5
26,316,47,81,17,87,5.7,sugarcane,9
18,130,50,14,117,69,7.4,wheat,5
39,282,52,113,28,77,7.5,sugarcane,9
37,333,54,120,93,29,6.7,sugarcane,10
20,112,43,46,27,29,7.7,wheat,4
25,131,67,70,26,15,5.3,wheat,9
24,233,92,54,37,68,5.4,rice,5
13,230,67,58,37,87,7.5,jute,10
25,101,53,103,90,113,6.4,wheat,9
31,316,62,102,104,46,7.7,sugarcane,3
39,98,67,84,100,61,6.2,maize,4
11,280,57,71,103,27,7.1,onion,9
35,213,61,103,11,42,5.2,sugarcane,10
20,261,49,117,117,38,5.2,coffee,11
13,326,89,29,34,57,5.5,rice,6
12,319,49,96,32,39,6.4,coffee,2
39,140,71,17,78,44,7.8,maize,7
24,96,48,41,98,84,7.8,millet,2
25,203,39,68,102,56,5.0,sugarcane,11
39,212,62,95,112,87,6.0,sugarcane,2
25,207,39,64,68,77,6.4,coffee,11
14,144,60,88,45,42,7.8,maize,1
30,166,90,108,119,27,6.0,tea,11
31,288,79,64,81,40,6.0,rice,11
19,165,79,35,51,101,7.6,wheat,12
37,92,69,106,46,48,6.7,maize,11
22,23,59,34,90,47,7.3,barley,3
24,24,56,70,61,109,6.4,barley,6
12,262,65,43,34,66,7.9,potato,8
37,86,53,106,11,95,7.5,maize,9
17,184,66,115,18,63,5.6,wheat,7
26,144,58,44,118,103,7.7,wheat,4
34,24,89,68,28,103,6.4,maize,6
40,260,70,24,70,23,5.5,sugarcane,5
38,256,53,69,55,10,5.3,sugarcane,8
18,262,86,95,109,113,6.2,rice,1
27,26,94,92,95,44,5.6,tea,1
28,141,66,15,52,94,5.8,tea,11
23,63,69,56,15,32,5.2,barley,6
29,87,58,64,19,72,5.4,maize,10
24,234,65,47,117,47,6.9,potato,12
27,190,39,90,68,73,6.8,wheat,2
19,181,30,68,106,51,5.8,wheat,5
23,178,61,106,58,58,7.5,wheat,1
28,219,84,118,77,15,7.8,sugarcane,7
19,115,30,109,28,32,6.8,wheat,1
36,300,51,24,64,66,7.4,sugarcane,4
33,54,56,69,88,14,7.0,maize,9
18,319,69,18,61,83,6.5,coffee,1
24,28,44,39,39,87,7.5,millet,4
34,204,95,46,106,70,5.7,sugarcane,6
24,104,40,31,37,77,6.8,wheat,6
28,181,41,92,90,60,7.5,sugarcane,12
10,246,44,107,109,115,5.3,barley,8
19,236,86,26,110,53,7.0,rice,1
20,266,68,67,83,49,7.1,jute,7
25,94,86,17,103,103,5.3,mustard,1
23,242,46,103,54,95,5.8,potato,7
20,149,76,95,95,90,5.9,wheat,3
27,199,42,115,41,57,8.0,wheat,11
35,65,44,55,78,54,6.9,maize,8
30,234,60,15,85,66,6.9,sugarcane,3
25,84,49,117,35,49,5.1,millet,1
25,281,78,49,62,40,6.3,rice,8
22,309,32,76,23,111,7.2,jute,3
11,63,84,91,95,94,7.8,barley,2
16,239,48,31,120,57,6.1,coffee,1
30,31,42,70,10,71,6.7,maize,3
31,152,89,20,118,58,7.4,tomato,2
29,184,52,24,51,10,6.5,sugarcane,2
26,49,43,14,45,84,7.1,millet,6
24,178,52,41,34,116,7.4,wheat,12
14,53,90,51,63,117,7.2,barley,1
38,269,74,58,28,13,5.7,sugarcane,2
27,222,68,21,16,10,5.1,sugarcane,6
19,218,41,73,30,91,7.8,sugarcane,3
34,34,85,116,96,119,5.4,maize,4
15,112,32,43,114,86,7.4,millet,1
16,268,92,46,60,71,6.1,rice,8
36,281,58,54,86,23,7.6,sugarcane,7
10,269,47,32,44,10,5.8,onion,7
34,210,38,63,46,76,7.5,sugarcane,3
22,75,90,21,100,45,5.2,barley,10
27,164,61,113,39,98,7.8,wheat,10
31,33,81,77,109,11,5.8,maize,3
20,141,50,19,89,42,5.6,wheat,2
39,214,92,27,25,59,7.6,sugarcane,12
32,338,37,48,16,56,7.6,sugarcane,1
19,243,68,90,13,64,7.3,jute,7
12,114,88,102,31,19,7.1,barley,7
31,159,72,18,75,47,5.1,tomato,12
22,94,38,73,12,74,8.0,millet,2
14,269,35,105,96,30,7.4,groundnut,7
21,40,59,90,90,36,6.2,barley,8
13,238,73,58,41,40,7.9,jute,1
24,348,48,118,104,92,6.8,onion,9
31,281,91,57,81,26,6.7,rice,7
32,248,83,66,88,56,6.6,rice,3
29,233,54,110,50,55,6.5,sugarcane,8
34,153,73,84,88,93,5.6,tea,7
24,332,85,108,25,67,7.9,rice,11
36,273,31,78,39,76,6.9,sugarcane,8
15,279,58,116,44,89,5.6,coffee,6
28,114,75,101,79,104,5.9,tea,9
23,141,73,38,19,37,7.5,wheat,5
38,331,73,69,51,30,5.3,sugarcane,3
25,324,94,91,58,34,7.4,rice,3
30,316,79,80,34,77,5.9,rice,1
15,243,31,114,90,105,5.9,mustard,12
39,99,44,68,99,114,5.6,maize,8
34,135,53,30,34,85,7.1,maize,2
33,202,41,66,51,46,7.5,sugarcane,3
10,199,34,44,79,68,7.2,maize,8
38,315,81,94,110,110,7.4,rice,8
12,269,42,37,100,66,7.6,maize,11
33,260,71,11,75,38,5.7,sugarcane,4
30,109,57,87,76,65,7.1,maize,4
31,59,53,45,10,29,6.6,maize,5
35,52,48,18,44,68,6.5,maize,6
36,109,85,48,15,118,7.1,maize,5
13,179,67,87,55,102,7.5,potato,7
10,301,90,87,76,43,7.2,rice,2
20,76,57,55,54,67,5.3,barley,7
27,132,88,91,84,61,6.8,wheat,10
16,310,65,116,116,35,7.2,potato,7
31,95,45,17,46,77,5.1,maize,1
38,29,30,90,99,58,6.3,maize,7
27,213,73,65,102,39,6.2,sugarcane,5
20,165,86,15,73,52,6.4,wheat,3
39,324,38,35,24,110,7.4,sugarcane,3
38,92,37,28,84,52,6.8,maize,4
19,142,63,64,78,89,6.2,wheat,12
18,121,77,104,79,63,5.9,wheat,2
24,37,87,95,10,25,7.8,barley,2
39,83,46,97,79,118,5.1,maize,1
12,63,74,71,71,96,5.8,tea,5
36,60,38,42,80,59,5.5,maize,4
14,253,72,17,47,68,6.9,jute,11
19,106,69,79,117,54,6.1,wheat,10
20,35,87,34,86,19,6.8,barley,2
33,320,41,41,34,107,5.8,sugarcane,3
40,246,59,26,25,71,7.3,sugarcane,7
19,246,33,17,27,30,8.0,tomato,7
33,63,89,16,71,19,6.8,maize,12
15,156,45,119,91,81,6.7,coffee,4
39,326,49,54,73,14,5.3,sugarcane,5
11,338,30,62,68,93,6.0,groundnut,5
18,55,71,68,43,67,7.8,barley,6
11,282,51,12,51,115,5.7,soybean,9
37,197,33,95,118,56,7.3,sugarcane,2
31,102,59,118,113,47,7.2,maize,5
34,70,62,59,36,17,5.4,maize,12
40,55,35,31,83,104,6.5,maize,3
26,350,55,45,92,94,7.5,sugarcane,4
33,80,36,75,34,46,7.8,maize,10
33,60,33,37,114,91,6.9,maize,6
37,193,66,64,72,19,5.8,sugarcane,12
39,162,47,49,113,114,7.8,onion,8
26,267,58,15,66,25,6.6,sugarcane,1
29,316,49,97,117,58,6.7,sugarcane,10
38,35,81,23,29,19,6.8,maize,8
20,276,58,118,83,116,7.4,millet,11
38,43,95,97,55,16,7.5,maize,7
23,231,82,93,85,100,7.4,rice,1
16,96,56,72,48,93,7.4,barley,2
20,55,52,57,18,53,7.5,barley,3
20,220,43,14,32,37,6.9,cotton,1
12,237,80,12,106,103,7.7,rice,9
32,314,91,67,69,11,5.9,rice,8
39,292,75,21,69,83,7.8,sugarcane,2
27,320,90,110,31,53,7.9,rice,9
35,276,54,65,33,93,7.8,sugarcane,7
18,166,30,26,96,76,6.5,wheat,9
34,94,44,44,61,10,5.9,maize,6
27,117,75,37,28,43,5.5,wheat,6
32,302,53,66,105,10,6.6,sugarcane,11
37,156,84,30,59,68,5.9,tea,4
18,264,83,17,11,50,7.6,rice,10
26,305,60,20,88,70,7.6,sugarcane,10
32,333,85,110,115,84,8.0,rice,2
35,142,33,89,106,47,6.1,maize,7
13,243,69,74,80,56,7.0,jute,5
34,211,85,61,13,33,6.3,sugarcane,11
12,89,43,31,119,86,5.9,millet,6
11,22,79,111,85,77,5.4,barley,2
35,96,64,17,54,32,5.9,maize,5
36,188,67,11,76,23,6.2,sugarcane,10
14,189,62,35,62,48,6.2,tea,4
12,85,70,40,95,94,5.5,barley,9
12,225,46,32,32,69,7.4,tomato,6
35,232,92,40,16,90,6.1,rice,2
34,286,74,57,23,99,5.8,sugarcane,1
28,249,88,80,112,71,5.9,rice,5
12,46,56,82,37,106,6.7,barley,9
27,313,37,80,88,76,7.5,sugarcane,6
40,111,76,24,14,31,5.8,maize,10
18,185,75,119,47,45,6.4,wheat,12
14,288,72,73,74,81,5.3,jute,7
18,120,91,112,120,67,5.0,wheat,5
27,96,49,17,41,49,7.1,millet,10
16,98,80,17,71,94,5.9,tea,6
11,72,85,73,83,81,6.4,tea,5
21,180,38,59,22,71,5.8,wheat,11
28,66,60,64,12,112,7.5,mustard,9
18,159,30,69,20,98,6.5,wheat,6
25,212,91,95,112,91,5.9,tea,11
32,45,52,56,117,90,6.6,maize,8
36,166,52,97,102,58,6.0,onion,2
18,81,56,41,45,104,6.3,barley,12
19,34,35,86,45,102,5.9,millet,9
19,47,33,115,109,95,6.4,millet,5
16,315,46,115,94,23,7.6,millet,7
26,125,74,38,24,86,5.5,wheat,10
30,100,91,88,21,66,7.2,maize,1
16,329,63,87,97,19,7.7,potato,10
36,179,36,87,45,54,7.8,mustard,5
12,103,92,85,22,117,7.1,barley,12
36,244,40,49,45,107,7.4,sugarcane,10
11,220,86,101,55,65,7.0,jute,2
32,222,36,19,63,45,5.6,sugarcane,12
27,161,55,13,64,59,6.4,wheat,6
40,171,32,80,95,14,6.0,barley,11
38,245,95,80,17,11,6.6,rice,1
30,94,95,75,119,83,7.6,maize,3
21,139,78,80,96,108,7.0,wheat,5
15,179,65,57,61,55,6.7,coffee,4
19,176,95,20,59,52,6.2,wheat,3
11,345,94,114,114,46,6.0,rice,10
30,325,35,109,115,17,6.7,sugarcane,5
25,68,33,34,82,50,5.5,millet,11
18,228,80,29,104,113,5.7,rice,8
35,180,40,50,23,114,7.0,soybean,11
20,72,46,85,120,81,7.7,millet,4
15,254,70,120,46,39,6.1,tea,1
19,227,65,117,29,37,5.3,potato,11
14,36,77,36,107,97,7.3,barley,7
22,173,42,109,35,25,6.2,wheat,8
12,157,52,114,81,72,7.2,groundnut,3
21,155,77,105,57,109,5.2,wheat,6
16,306,67,112,102,38,7.6,jute,2
26,236,88,98,22,30,6.4,rice,7
22,199,59,107,98,21,5.9,wheat,8
26,63,91,90,35,68,7.3,mustard,6
30,221,71,68,45,72,5.8,sugarcane,6
33,104,82,77,57,30,5.5,maize,5
24,198,35,87,42,118,6.8,wheat,8
14,173,92,78,16,36,5.5,potato,1
17,25,79,115,16,30,6.0,tea,10
18,130,90,111,76,54,7.9,wheat,4
37,276,76,32,49,79,5.9,rice,4
28,75,34,63,116,66,5.3,millet,3
11,213,63,55,78,15,7.2,potato,3
29,211,90,60,13,98,5.4,sugarcane,4
11,269,94,25,46,15,6.4,rice,11
35,96,88,55,50,52,5.1,maize,1
27,42,45,33,63,35,6.1,millet,11
13,257,35,39,20,76,6.6,coffee,11
33,191,63,109,104,55,7.3,sugarcane,2
26,84,91,96,112,102,6.6,mustard,9
15,168,55,95,47,27,7.9,tea,10
18,188,74,42,87,61,6.9,wheat,2
15,283,79,113,85,23,7.1,rice,5
20,306,84,16,87,35,6.4,rice,9
32,301,75,54,75,13,7.6,sugarcane,9
32,329,46,104,86,83,7.2,sugarcane,8
29,184,41,53,14,78,7.6,sugarcane,1
16,195,40,20,101,13,6.8,wheat,1
16,88,44,84,106,77,6.2,millet,9
19,254,75,35,88,12,7.0,jute,11
37,53,49,38,44,79,6.4,maize,8
18,308,70,43,15,57,5.1,jute,10
26,316,94,101,83,85,6.7,rice,9
